mois,trimestre,ca_realise,ca_budget,cogs_realise,cogs_budget,charges_personnel,autres_charges_fixes,ebitda_realise,ebitda_budget,creances_clients,dettes_fournisseurs,stocks,tresorerie_nette
Janvier,T1,210,200,115,110,55,18,22,20,380,260,190,420
Fevrier,T1,225,215,124,118,55,18,28,24,395,270,195,435
Mars,T1,240,235,132,130,56,19,33,30,410,285,200,450
Avril,T2,230,235,128,130,56,19,27,30,405,280,205,440
Mai,T2,260,250,143,138,58,20,39,34,440,300,210,470
Juin,T2,275,265,151,146,58,20,46,41,460,315,215,490
Juillet,T3,250,260,138,143,58,20,34,39,430,295,220,480
Aout,T3,190,210,105,115,58,20,7,17,350,240,225,460
Septembre,T3,280,270,154,148,60,21,45,41,475,320,210,475
Octobre,T4,295,280,162,154,60,21,52,45,490,335,205,500
Novembre,T4,310,290,170,160,62,22,56,48,510,345,210,515
Decembre,T4,330,310,182,170,64,23,61,54,540,360,220,530