mois,departement,effectif_cdi,effectif_cdd,recrutements,departs,heures_absence,heures_theoriques,masse_salariale_kmad,femmes,hommes
Janvier,Finance,12,1,0,0,32,1950,215,6,7
Janvier,Commercial,42,4,2,1,160,6900,430,20,26
Janvier,R&D,35,3,1,0,80,5700,490,12,26
Janvier,Operations,50,8,3,2,240,8700,410,18,40
Janvier,RH,9,1,0,0,24,1500,120,7,3
Fevrier,Finance,12,1,0,0,28,1950,215,6,7
Fevrier,Commercial,43,4,1,1,155,7050,440,21,26
Fevrier,R&D,36,3,1,0,70,5850,500,13,26
Fevrier,Operations,51,7,2,1,210,8700,415,18,40
Fevrier,RH,9,1,0,0,20,1500,120,7,3
Mars,Finance,12,1,0,0,35,1950,218,6,7
Mars,Commercial,43,5,2,1,170,7200,455,21,27
Mars,R&D,37,3,1,1,65,6000,510,13,27
Mars,Operations,52,8,2,2,260,9000,425,19,41
Mars,RH,9,1,0,0,18,1500,120,7,3
Avril,Finance,12,1,0,0,30,1950,218,6,7
Avril,Commercial,44,5,1,2,180,7350,460,21,28
Avril,R&D,37,3,0,0,85,6000,510,13,27
Avril,Operations,52,9,3,1,290,9150,430,19,42
Avril,RH,9,1,0,0,22,1500,120,7,3
Mai,Finance,13,1,1,0,25,2100,230,7,7
Mai,Commercial,43,6,1,2,190,7350,455,20,29
Mai,R&D,37,4,1,0,90,6150,520,13,28
Mai,Operations,54,8,2,1,250,9300,440,20,42
Mai,RH,9,1,0,0,20,1500,120,7,3
Juin,Finance,13,1,0,0,30,2100,232,7,7
Juin,Commercial,42,7,2,3,210,7350,450,20,29
Juin,R&D,38,4,1,0,75,6300,535,14,28
Juin,Operations,55,9,3,2,270,9600,455,21,43
Juin,RH,10,1,1,0,20,1650,130,8,3